{
	"format_version": "1.8.0",
	"animations": {
		"sword1": {
			"loop": "hold_on_last_frame",
             "animation_length": 0.8,
			"bones": {
				"right_arm": {
					"rotation": {
						"0.0": {
							"vector": [0, 0, 0]
						},
						"0.125": {
							"vector": [-80, -14, 54]
						},
						"0.8": {
							"vector": [-80, -14, 54]
						}
					}
				},
		        "rightItem": {
					"rotation": {
						"0.0": {
							"vector": [0, 90, 0]
						},
						"0.8": {
							"vector": [0, 90, 0]
					    }
		            }
		        }
		    }
        },
		"sword2": {
			"animation_length": 2,
			"bones": {
				"right_arm": {
					"rotation": {
						"0.0": {
							"vector": [-25, 2.5, 0]
						},
						"0.25": {
							"vector": [-75, 22.5, 0]
						},
						"0.5": {
							"vector": [-24.77832, 12.14588, -85.68055]
						},
						"0.7917": {
							"vector": [-129.78, 12.15, -85.68]
						},
						"1.0": {
							"vector": [-130.82222, 14.76298, -2.52899]
						},
						"1.25": {
							"vector": [-34.87036, -25.43881, -13.06236]
						},
						"1.5": {
							"vector": [-0.43115, -0.3283, 2.31998]
						}
					}
				},
				"left_arm": {
					"rotation": {
						"0.0": {
							"vector": [-15, 2.5, 0]
						},
						"0.5": {
							"vector": [0, -27.5, 0]
						},
						"0.7917": {
							"vector": [-62.5, -27.5, 0]
						},
						"1.0": {
							"vector": [-30.19672, -3.75654, 89.01048]
						},
						"1.25": {
							"vector": [-152.7, -3.76, 89.01]
						},
						"1.5": {
							"vector": [-16.70806, 15.12012, 50.55721]
						},
						"1.75": {
							"vector": [0.24584, -6.97354, -0.68249]
						}
					}
				}
			}
		},
		"sword3": {
			"animation_length": 0.7917,
			"bones": {
				"right_arm": {
					"rotation": {
						"0.0": {
							"vector": [0, 0, 0]
						},
						"0.1667": {
							"vector": [-115, 0, 0]
						},
						"0.4167": {
							"vector": [-33.96872, -13.12479, -30.00135]
						},
						"0.5": {
							"vector": [-33.97, -13.12, -30]
						}
					}
				}
			}
		}
	}
}